Nomor Akun (CoA),Uraian,Kategori (Sheet),is_postable
21,KOLEKTE / PERSEMBAHAN,PENERIMAAN,FALSE
21.01,Kolekte Ibadah Umum,PENERIMAAN,FALSE
21.01.01,Ibadah Hari Minggu Pagi,PENERIMAAN,TRUE
21.01.02,Ibadah Hari Minggu Sore,PENERIMAAN,TRUE
21.01.03,Ibadah Malam Natal,PENERIMAAN,TRUE
21.01.04,Ibadah Natal I,PENERIMAAN,TRUE
21.01.05,Ibadah Natal II,PENERIMAAN,TRUE
21.01.06,Ibadah Malam Akhir Tahun,PENERIMAAN,TRUE
21.01.07,Ibadah Tahun Baru,PENERIMAAN,TRUE
21.02,Kolekte Ibadah Keluarga,PENERIMAAN,FALSE
21.02.01,Ibadah Rumah Tangga,PENERIMAAN,TRUE
21.02.02,Ibadah keluarga malam Natal,PENERIMAAN,TRUE
21.02.03,Ibadah keluarga malam Akhir Tahun,PENERIMAAN,TRUE
21.03,Kolekte Ibadah Unit Misioner (PELKAT),PENERIMAAN,FALSE
21.03.01,Pelkat Persekutuan Anak (PA),PENERIMAAN,TRUE
21.03.02,Pelkat Persekutuan Taruna (PT),PENERIMAAN,TRUE
21.03.03,Pelkat Gerakan Pemuda (GP),PENERIMAAN,TRUE
21.03.04,Pelkat Persekutuan Kaum Perempuan (PKP),PENERIMAAN,TRUE
21.03.05,Pelkat Persekutuan Kaum Bapak (PKB),PENERIMAAN,TRUE
21.03.06,Pelkat Persekutuan Kaum Lanjut Usia (PKLU),PENERIMAAN,TRUE
21.04,Kolekte Ibadah Komisi,PENERIMAAN,FALSE
21.04.01,Diakonia,PENERIMAAN,TRUE
21.04.02,Kelas Katekisasi,PENERIMAAN,TRUE
21.05,Kolekte Pengucapan Syukur,PENERIMAAN,TRUE
21.06,Kolekte Ibadah Jumat Agung,PENERIMAAN,TRUE
21.07,Kolekte Ibadah Lainnya,PENERIMAAN,FALSE
21.07.01,Ibadah Paskah Subuh,PENERIMAAN,TRUE
21.07.02,Ibadah Paskah Pelkat PA,PENERIMAAN,TRUE
21.07.03,Ibadah Kenaikan Tuhan Yesus,PENERIMAAN,TRUE
21.07.04,Ibadah HUT Hosiana,PENERIMAAN,TRUE
21.07.05,Ibadah HUT RI,PENERIMAAN,TRUE
21.07.06,Ibadah Hari Doa GPIB,PENERIMAAN,TRUE
21.07.07,"Gabungan MUPEL GP,PKP,PKB",PENERIMAAN,TRUE
21.08,Persembahan Persepuluhan,PENERIMAAN,TRUE
21.09,Persembahan Syukur,PENERIMAAN,FALSE
21.09.01,Ibadah Minggu pagi,PENERIMAAN,TRUE
21.09.02,Ibadah Minggu sore,PENERIMAAN,TRUE
21.09.03,Ibadah Malam Natal,PENERIMAAN,TRUE
21.09.04,Ibadah Hari Natal,PENERIMAAN,TRUE
21.09.05,Ibadah Hari Natal 2,PENERIMAAN,TRUE
21.09.06,Ibadah Malam Akhir Tahun,PENERIMAAN,TRUE
21.09.07,Ibadah Tahun Baru,PENERIMAAN,TRUE
21.10,Persembahan Khusus,PENERIMAAN,FALSE
21.10.01,a. Perorangan,PENERIMAAN,TRUE
21.10.02,b. Perjamuan Kudus,PENERIMAAN,TRUE
21.10.03,c. Malam Natal,PENERIMAAN,TRUE
21.10.04,d. Hari Natal,PENERIMAAN,TRUE
21.10.05,e. Malam Akhir Tahun,PENERIMAAN,TRUE
21.10.06,f. Tahun Baru ( Bulan Kelahiran ),PENERIMAAN,TRUE
21.10.07,g. Baptisan,PENERIMAAN,TRUE
21.10.08,h. Peneguhan Sidi,PENERIMAAN,TRUE
21.11,Persembahan Syukur (SBU/SGDK),PENERIMAAN,TRUE
21.12,Persembahan Syukur Jumat Agung,PENERIMAAN,TRUE
211,Retur,PENERIMAAN,TRUE
22,BIDANG-BIDANG,PENERIMAAN,FALSE
22.01,TEOLOGI & PERSIDANGAN GEREJAWI,PENERIMAAN,FALSE
22.01.01,Ibadah Rabu Doa GPIB,PENERIMAAN,TRUE
22.01.02,Ibadah Kamis Putih,PENERIMAAN,TRUE
22.01.03,Ibadah Sabtu Teduh,PENERIMAAN,TRUE
22.01.04,Ibadah Kenaikan Tuhan Yesus Kristus,PENERIMAAN,TRUE
22.01.05,Ibadah Perayaan Natal Jemaat,PENERIMAAN,TRUE
22.01.06,Hari Kemerdekaan,PENERIMAAN,TRUE
22.01.07,Persidangan Sinode Tahunan (PST),PENERIMAAN,TRUE
22.01.08,Musyawarah Tahunan Mupel Jkt Pusat Tahun 2026/2027,PENERIMAAN,TRUE
22.01.09,Ibadah HUT GPIB Jemaat Hosiana ke-49,PENERIMAAN,TRUE
22.01.10,Ibadah Paskah Jemaat,PENERIMAAN,TRUE
22.01.11,Peneguhan Sidi Reguler,PENERIMAAN,TRUE
22.01.12,Peneguhan Sidi Dewasa,PENERIMAAN,TRUE
22.01.13,Service Rutin Alat Musik Piano,PENERIMAAN,TRUE
22.01.14,Latihan pemandu lagu untuk IHM,PENERIMAAN,TRUE
22.01.15,Latihan pemandu lagu untuk Ibadah Hari Raya Gerejawi,PENERIMAAN,TRUE
22.01.16,Pianis non-Hosiana untuk back up pianis Hosiana,PENERIMAAN,TRUE
22.01.17,Paduan Suara / Vocal Group dari Gereja Luar,PENERIMAAN,TRUE
22.01.18,"Ibadah Hari Minggu Pelayanan Anak 
  ( IHMPA )",PENERIMAAN,TRUE
22.01.19,Perayaan Paskah Anak 2027,PENERIMAAN,TRUE
22.01.20,Penyediaan Alat Peraga,PENERIMAAN,TRUE
22.01.21,Persiapan Pelayan PA,PENERIMAAN,TRUE
22.01.22,Little Blessing Market,PENERIMAAN,TRUE
22.01.23,Ibadah HUT Pelkat PA GPIB ke 67 (6Sep1959) & PA GPIB Hosiana ke 48 (23Sep1978),PENERIMAAN,TRUE
22.01.24,Ibadah padang Pelkat PT se-Mupel Jakarta Pusat,PENERIMAAN,TRUE
22.01.25,Ibadah HUT Pelkat PT GPIB yang ke 44 tahun ( 30 Januari 1983 ),PENERIMAAN,TRUE
22.01.26,Ibadah HUT Pelkat PT Hosiana yang ke 41 tahun ( 09 Oktober 1982 ),PENERIMAAN,TRUE
22.01.27,Majelis Bercerita di IHMPT,PENERIMAAN,TRUE
22.01.28,Ibadah Gabungan Pelkat GP se-Mupel GPIB Jakarta Pusat.,PENERIMAAN,TRUE
22.01.29,Ibadah Corak Muda (HUT GP Hosiana ke 46),PENERIMAAN,TRUE
22.01.30,Ibadah Corak Muda (HUT GP GPIB 76),PENERIMAAN,TRUE
22.01.31,Ibadah Gabungan Pelkat PKP,PENERIMAAN,TRUE
22.01.32,Ibadah HUT Pelkat PKP Hosiana ke 49 (10 Feb) dan HUT Pelkat PKP GPIB ke 62 (18 Feb),PENERIMAAN,TRUE
22.01.33,Latihan Padus PKP Mupel Jakpus,PENERIMAAN,TRUE
22.01.34,Latihan paduan suara PKP Hosiana,PENERIMAAN,TRUE
22.01.35,Ibadah syukur ACWC,PENERIMAAN,TRUE
22.01.36,Ibadah HUT Pelkat PKB GPIB ke 46 (11 Juli 1980),PENERIMAAN,TRUE
22.01.37,Ibadah HUT Pelkat PKB Hosiana ke 48 (23 Agustus 1978),PENERIMAAN,TRUE
22.01.38,Ibadah Gabungan Pelkat PKB Mupel Jakarta Pusat,PENERIMAAN,TRUE
22.01.39,Ibadah Gabungan Pelkat PKLU GPIB Mupel Jakarta Pusat,PENERIMAAN,TRUE
22.01.40,Ibadah HUT Pelkat PKLU ke 16,PENERIMAAN,TRUE
22.01.41,Ibadah HUT Pelkat PKLU Hosiana ke 31 (18 Des 1995),PENERIMAAN,TRUE
22.02,PELKES & LINGKUNGAN HIDUP,PENERIMAAN,FALSE
21.02.01,Diakonia bulanan,PENERIMAAN,TRUE
21.02.02,Diakonia Natal,PENERIMAAN,TRUE
21.02.03,Diakonia Paskah,PENERIMAAN,TRUE
21.02.04,Iuran STIKES Griya Husada - Surabaya,PENERIMAAN,TRUE
21.02.05,Diakonia Jemaat yang sakit,PENERIMAAN,TRUE
21.02.06,BUT (Bantuan Uang Transport) kunjungan jemaat di RS.,PENERIMAAN,TRUE
21.02.07,Diakonia Dukacita,PENERIMAAN,TRUE
21.02.08,Karangan Bunga Dukacita,PENERIMAAN,TRUE
21.02.09,Pengadaan kendaraan Pendeta di Pos Pelkes,PENERIMAAN,TRUE
22.03,GERMASA,PENERIMAAN,TRUE
22.03.01,Berbagi Kasih Natal,PENERIMAAN,TRUE
22.03.02,Pembagian Takjil,PENERIMAAN,TRUE
22.03.03,Iuran YAPENDIK GPIB,PENERIMAAN,TRUE
22.03.04,Kunjungan Lapas/Rutan,PENERIMAAN,TRUE
22.03.05,Spanduk Hari Raya Gerejawi dan Hari Raya Agama lain.,PENERIMAAN,TRUE
22.03.06,Karangan bunga Ucapan Selamat.,PENERIMAAN,TRUE
22.03.07,Kebersihan Lingkungan,PENERIMAAN,TRUE
22.04,PPSDI & PPK,PENERIMAAN,TRUE
22.04.01,Persiapan Presbiter,PENERIMAAN,TRUE
22.04.02,Sosialisasi PKA 2026/2027 (Mupel),PENERIMAAN,TRUE
22.04.03,Penyediaan Alat Peraga PA,PENERIMAAN,TRUE
22.04.04,Persiapan Pelayan PA,PENERIMAAN,TRUE
22.04.05,Ibadah HUT Pelkat PA GPIB ke 67 (6Sep1959) & PA GPIB Hosiana ke 48 (23Sep1978),PENERIMAAN,TRUE
22.04.06,Little Blessing Market,PENERIMAAN,TRUE
22.04.07,SOBAT PA ( Story Of Bible Pelkat PA ),PENERIMAAN,TRUE
22.04.08,HUT KE 65 PA GPIB (Mupel),PENERIMAAN,TRUE
22.04.09,Persiapan Pelayan PT,PENERIMAAN,TRUE
22.04.10,Olahraga GP dan PT,PENERIMAAN,TRUE
22.04.11,E-Sports GP,PENERIMAAN,TRUE
22.04.12,Tukar Kado (Valentine Day),PENERIMAAN,TRUE
22.04.13,Retreat GP Mupel JakPus,PENERIMAAN,TRUE
22.04.14,Pertandingan remi,PENERIMAAN,TRUE
22.04.15,Pembinaan Eco Enzim,PENERIMAAN,TRUE
22.04.16,Saya dan PKLU GPIB Membaca Alkitab Bersama,PENERIMAAN,TRUE
22.04.17,Katekisasi Reguler,PENERIMAAN,TRUE
22.04.18,Katekisasi Dewasa / perkawinan,PENERIMAAN,TRUE
22.04.19,Sosialisasi PKA dan Pemilihan KP3 (MJP),PENERIMAAN,TRUE
22.04.20,Retreat Katekisasi,PENERIMAAN,TRUE
22.05,INFORKOM & LITBANG,PENERIMAAN,FALSE
22.05.01,Persiapan Multimedia & Sound System,PENERIMAAN,TRUE
22.05.02,Social Media Content Creator,PENERIMAAN,TRUE
22.05.03,Langganan Zoom Meeting Pro,PENERIMAAN,TRUE
22.06,PENGEMBANGAN EKONOMI GEREJA,PENERIMAAN,FALSE
22.06.01,Christmas Carol,PENERIMAAN,TRUE
22.06.02,Penjualan barang bekas,PENERIMAAN,TRUE
22.06.03,Bazaar makanan,PENERIMAAN,TRUE
22.06.04,Merchandise,PENERIMAAN,TRUE
22.06.05,Sewa RSG dan Gereja,PENERIMAAN,TRUE
22.06.06,Melanjutkan data inventaris Gereja,PENERIMAAN,TRUE
22.06.07,Maintenance Gedung,PENERIMAAN,TRUE
22.06.08,Perawatan fasilitas,PENERIMAAN,TRUE
22.06.09,Perawatan kendaraan Gereja,PENERIMAAN,TRUE
22.06.10,Bioskop Hosiana,PENERIMAAN,TRUE
22.06.11,"Aksi ""telur Hosiana""",PENERIMAAN,TRUE
361,"PENGELUARAN SIDANG, RAPAT",PENGELUARAN,FALSE
361.01,"Biaya Rapat Pelkat, Komisi, Panitia/Tim Kerja",PENGELUARAN,FALSE
361.01.01,Kordinasi tiap bidang,PENGELUARAN,TRUE
361.01.02,BPPJ cash opname,PENGELUARAN,TRUE
361.01.03,Kordinasi tim kerja,PENGELUARAN,TRUE
361.02,"SMJ, PHMJ, Rapat Lainnya",PENGELUARAN,FALSE
361.02.01,SMJ Triwulan,PENGELUARAN,TRUE
361.02.02,SMJ Khusus / Istimewa,PENGELUARAN,TRUE
361.02.03,Rapat PHMJ,PENGELUARAN,TRUE
361.02.04,Rapat lainnya,PENGELUARAN,TRUE
361.03,Biaya Sidang Pleno MJ/Mupel/Sinode,PENGELUARAN,FALSE
361.03.01,Rapat Pleno MJ,PENGELUARAN,TRUE
361.03.02,Sidang MUPEL,PENGELUARAN,TRUE
361.03.03,Persidangan Sinode Tahunan,PENGELUARAN,TRUE
361.03.04,Persidangan Sinode Raya,PENGELUARAN,TRUE
361.03.05,Konven Presbiter,PENGELUARAN,TRUE
361.04,Biaya Persiapan Presbiter,PENGELUARAN,TRUE
362,PENGELUARAN PEGAWAI,PENGELUARAN,FALSE
362.01,Gaji,PENGELUARAN,FALSE
362.01.01,1. KMJ,PENGELUARAN,FALSE
362.01.01.01,Gaji,PENGELUARAN,TRUE
362.01.01.02,Tunjangan Lokal,PENGELUARAN,TRUE
362.01.01.03,BPJSTK,PENGELUARAN,TRUE
362.01.02,2. Sekretariat Admin,PENGELUARAN,FALSE
362.01.02.01,Gaji,PENGELUARAN,TRUE
362.01.02.02,Tunjangan Lokal + transport multimedia,PENGELUARAN,TRUE
362.01.02.03,BPJSK,PENGELUARAN,TRUE
362.01.03,3. Sekretariat Kasir,PENGELUARAN,FALSE
362.01.03.01,Gaji,PENGELUARAN,TRUE
362.01.03.02,Tunjangan Kasir,PENGELUARAN,TRUE
362.01.03.03,BPJSTK,PENGELUARAN,TRUE
362.01.03.04,BPJSK,PENGELUARAN,TRUE
362.01.03.05,Tunjangan Lokal,PENGELUARAN,TRUE
362.01.04,4. Kostor,PENGELUARAN,FALSE
362.01.04.01,Gaji,PENGELUARAN,TRUE
362.01.04.02,Tunjangan Lokal,PENGELUARAN,TRUE
362.01.05,5. Security,PENGELUARAN,FALSE
362.01.05.01,Gaji,PENGELUARAN,TRUE
362.01.05.02,Tunjangan Lokal,PENGELUARAN,TRUE
362.02,Uang Transport & Uang Makan,PENGELUARAN,FALSE
362.02.01,1. Uang Transport,PENGELUARAN,FALSE
362.02.01.01,KMJ,PENGELUARAN,TRUE
362.02.01.02,Sekretariat Admin,PENGELUARAN,TRUE
362.02.01.03,Sekretariat Kasir,PENGELUARAN,TRUE
362.02.01.04,Security,PENGELUARAN,TRUE
362.02.01.05,Kostor,PENGELUARAN,TRUE
362.02.02,2. Uang Makan,PENGELUARAN,FALSE
362.02.02.01,KMJ,PENGELUARAN,TRUE
362.02.02.02,Sekretariat Admin,PENGELUARAN,TRUE
362.02.02.03,Sekretariat Kasir,PENGELUARAN,TRUE
362.02.02.04,Security,PENGELUARAN,TRUE
362.02.02.05,Kostor,PENGELUARAN,TRUE
362.03,Bantuan Pengobatan,PENGELUARAN,FALSE
362.03.01,Security,PENGELUARAN,TRUE
362.03.02,Kostor,PENGELUARAN,TRUE
362.03.03,KMJ,PENGELUARAN,TRUE
362.04,lembur,PENGELUARAN,FALSE
362.04.01,KMJ,PENGELUARAN,TRUE
362.04.02,Sekretariat Admin,PENGELUARAN,TRUE
362.04.03,Sekretariat Kasir,PENGELUARAN,TRUE
362.04.04,Lembur khusus Security,PENGELUARAN,TRUE
362.04.05,Security,PENGELUARAN,TRUE
362.04.06,Kostor,PENGELUARAN,TRUE
362.04.07,Tambahan lembur kedukaan,PENGELUARAN,TRUE
362.05,Tunjangan Natal/THR,PENGELUARAN,FALSE
362.05.01,KMJ,PENGELUARAN,TRUE
362.05.02,Sekretariat Admin,PENGELUARAN,TRUE
362.05.03,Sekretariat Kasir,PENGELUARAN,TRUE
362.05.04,Security,PENGELUARAN,TRUE
362.05.05,Kostor,PENGELUARAN,TRUE
362.06,Tunjangan Cuti,PENGELUARAN,FALSE
362.06.01,KMJ,PENGELUARAN,TRUE
362.09,Pajak Penghasilan,PENGELUARAN,FALSE
362.09.01,PPH 21 KMJ,PENGELUARAN,TRUE
362.1,"Pensiun & JPHT, APRESIASI",PENGELUARAN,FALSE
362.10.01,Iuran pensiun KMJ,PENGELUARAN,TRUE
362.10.02,JPHT KMJ,PENGELUARAN,TRUE
362.10.03,Apresiasi KMJ,PENGELUARAN,TRUE
363,PENGELUARAN KANTOR,PENGELUARAN,FALSE
363.01,Alat Tulis Kantor & fotocopy,PENGELUARAN,FALSE
363.01.01,ATK,PENGELUARAN,TRUE
363.01.02,Fotocopy,PENGELUARAN,TRUE
363.02,"Biaya Bank ( Transfer,Adm, Stmt, MCC, & Pajak )",PENGELUARAN,TRUE
363.03,Iuran Lingkungan (RT RW Sampah),PENGELUARAN,TRUE
363.04,Biaya Urusan Rumah Tangga,PENGELUARAN,TRUE
363.05,Tunjangan PHMJ,PENGELUARAN,TRUE
363.06,Tunjangan BPPJ,PENGELUARAN,TRUE
363.07,Biaya Kantor - Tata Usaha lainnya,PENGELUARAN,FALSE
363.07.01,"Pengadaan Surat Grj (Baptis, Sidi, Nikah)",PENGELUARAN,TRUE
363.07.02,Lain-lain,PENGELUARAN,TRUE
364,PENGELUARAN GEREJA &PASTORI,PENGELUARAN,FALSE
364.01,Telepon Gereja/ Internet Biznet Gereja,PENGELUARAN,TRUE
364.02,Internet Pastori,PENGELUARAN,TRUE
364.03,Zoom,PENGELUARAN,TRUE
364.04,Listrik,PENGELUARAN,TRUE
364.05,PAM,PENGELUARAN,TRUE
364.06,Biaya lain,PENGELUARAN,TRUE
364.07,Perlengkapan lainnya,PENGELUARAN,TRUE
365,PENGELUARAN KENDARAAN,PENGELUARAN,FALSE
365.01,Bahan Bakar Minyak (BBM),PENGELUARAN,FALSE
365.01.01,Mobil,PENGELUARAN,TRUE
365.01.02,Motor,PENGELUARAN,TRUE
365.02,Service,PENGELUARAN,FALSE
365.02.01,Mobil,PENGELUARAN,TRUE
365.02.02,Motor,PENGELUARAN,TRUE
365.03,"Asuransi & Pajak Kendaraan, STNK",PENGELUARAN,FALSE
365.03.01,Mobil,PENGELUARAN,TRUE
365.03.02,Motor,PENGELUARAN,TRUE
365.04,"E tol, parkir, cuci kendaraan",PENGELUARAN,FALSE
365.04.01,Mobil,PENGELUARAN,TRUE
365.04.02,Motor,PENGELUARAN,TRUE
365.05,Biaya lainnya,PENGELUARAN,TRUE
311,PENGELUARAN TEOLOGI & IBADAH,PENGELUARAN,FALSE
311.01,"Pembelian SBU, SGDK, SBA, SBT,",PENGELUARAN,FALSE
311.01.01,SBU,PENGELUARAN,TRUE
311.01.02,SGDK,PENGELUARAN,TRUE
311.01.03,SBA,PENGELUARAN,TRUE
311.01.04,SBT,PENGELUARAN,TRUE
311.01.05,SBP,PENGELUARAN,TRUE
311.02,Pelayanan Ibadah Minggu pagi & sore di Gereja,PENGELUARAN,FALSE
311.02.01,Transport presbiter pagi,PENGELUARAN,TRUE
311.02.02,Transport presbiter sore,PENGELUARAN,TRUE
311.02.03,"Transport Pemandu Lagu, Pianis, Multi media pagi",PENGELUARAN,TRUE
311.02.04,"Transport Pemandu Lagu, Pianis, Multi media sore",PENGELUARAN,TRUE
311.02.05,4. Viatikum Pelayan Firman,PENGELUARAN,FALSE
311.02.05.01,PF Majelis Hosiana pagi,PENGELUARAN,TRUE
311.02.05.02,PF Majelis Hosiana sore,PENGELUARAN,TRUE
311.02.05.03,Pendeta MUPEL Jakarta Pusat,PENGELUARAN,TRUE
311.02.05.04,Fungsionaris Majelis Sinode,PENGELUARAN,TRUE
311.02.05.05,Pendeta JABANSIBAR,PENGELUARAN,TRUE
311.02.05.06,Pendeta luar wilayah MUPEL JABANSIBAR (OIKUMENE),PENGELUARAN,TRUE
311.02.06,Roti untuk di meja Altar,PENGELUARAN,TRUE
311.02.07,Konsumsi pelayan IHM pagi,PENGELUARAN,TRUE
311.02.08,Konsumsi pelayan IHM sore,PENGELUARAN,TRUE
311.02.09,Konsumsi pertukaran pelayan firman,PENGELUARAN,TRUE
311.03,Pelayanan Ibadah Keluarga termasuk Rabu Doa,PENGELUARAN,FALSE
311.03.01,Transport presbiter,PENGELUARAN,TRUE
311.03.02,Transport pemusik,PENGELUARAN,TRUE
311.03.03,Viatikum Pelayan Firman,PENGELUARAN,TRUE
311.04,Pelayanan Ibadah Penghiburan/ kedukaan/Pengelepasan,PENGELUARAN,FALSE
311.04.01,Ibadah peghiburan,PENGELUARAN,TRUE
311.04.02,Ibadah pengelepasan/pemakaman,PENGELUARAN,TRUE
311.04.03,Konsumsi pelayan,PENGELUARAN,TRUE
311.05,Pelayanan Ibadah Pelkat,PENGELUARAN,FALSE
311.05.01,1. PA,PENGELUARAN,FALSE
311.05.01.01,Transport kakak layan,PENGELUARAN,TRUE
311.05.01.02,Viatikum Pewarta Firman,PENGELUARAN,TRUE
311.05.01.03,Gitaris,PENGELUARAN,TRUE
311.05.02,2. PT,PENGELUARAN,FALSE
311.05.02.01,Transport kakak bina,PENGELUARAN,TRUE
311.05.02.02,Viatikum Pelayan Firman,PENGELUARAN,TRUE
311.05.02.03,Gitaris,PENGELUARAN,TRUE
311.05.03,3. GP,PENGELUARAN,FALSE
311.05.03.01,Pelayan Firman,PENGELUARAN,TRUE
311.05.03.02,Pelayan Liturgi,PENGELUARAN,TRUE
311.05.03.03,Gitaris,PENGELUARAN,TRUE
311.05.03.04,Transport ibadah gabungan,PENGELUARAN,TRUE
311.05.04,4. PKP,PENGELUARAN,FALSE
311.05.04.01,Pelayan Firman,PENGELUARAN,TRUE
311.05.04.02,Pelayan Liturgi,PENGELUARAN,TRUE
311.05.04.03,Pemusik/multimedia,PENGELUARAN,TRUE
311.05.04.04,Transport ibadah gabungan,PENGELUARAN,TRUE
311.05.05,5. PKB,PENGELUARAN,FALSE
311.05.05.01,Pelayan Firman,PENGELUARAN,TRUE
311.05.05.02,Pelayan Liturgi,PENGELUARAN,TRUE
311.05.05.03,Pemusik/multimedia,PENGELUARAN,TRUE
311.05.05.04,Transport ibadah gabungan,PENGELUARAN,TRUE
311.05.06,6.PKLU,PENGELUARAN,FALSE
311.05.06.01,Pelayan Firman,PENGELUARAN,TRUE
311.05.06.02,Pelayan Liturgi,PENGELUARAN,TRUE
311.05.06.03,Pemusik,PENGELUARAN,TRUE
311.05.06.04,Konsumsi,PENGELUARAN,TRUE
311.05.06.05,Transport ibadah gabungan,PENGELUARAN,TRUE
311.06,Konsumsi Pelayan,PENGELUARAN,FALSE
311.06.01,PS/VG Tamu,PENGELUARAN,TRUE
311.07,Ibadah Khusus,PENGELUARAN,FALSE
311.07.01,Perkawinan,PENGELUARAN,TRUE
311.08,"Hari Raya Gerejawi, Jumat Agung, Perjamuan Kudus",PENGELUARAN,FALSE
311.08.01,1. Malam Natal,PENGELUARAN,FALSE
311.08.01.01,Transport pelayan,PENGELUARAN,TRUE
311.08.01.02,Konsumsi,PENGELUARAN,TRUE
311.08.01.03,Amplop petugas keamanan,PENGELUARAN,TRUE
311.08.02,2. Natal I,PENGELUARAN,FALSE
311.08.02.01,Transport pelayan,PENGELUARAN,TRUE
311.08.02.02,Konsumsi,PENGELUARAN,TRUE
311.08.02.03,Amplop petugas keamanan,PENGELUARAN,TRUE
311.08.03,3. Natal II,PENGELUARAN,FALSE
311.08.03.01,Transport pelayan,PENGELUARAN,TRUE
311.08.03.02,Konsumsi,PENGELUARAN,TRUE
311.08.03.03,Amplop petugas keamanan,PENGELUARAN,TRUE
311.08.04,4. Akhir Tahun,PENGELUARAN,FALSE
311.08.04.01,Transport pelayan,PENGELUARAN,TRUE
311.08.04.02,Konsumsi,PENGELUARAN,TRUE
311.08.04.03,Amplop petugas keamanan,PENGELUARAN,TRUE
311.08.05,5. Tahun Baru,PENGELUARAN,FALSE
311.08.05.01,Transport pelayan,PENGELUARAN,TRUE
311.08.05.02,Konsumsi,PENGELUARAN,TRUE
311.08.05.03,Amplop petugas keamanan,PENGELUARAN,TRUE
311.08.06,6. Jumat Agung,PENGELUARAN,FALSE
311.08.06.01,Viatikum PF,PENGELUARAN,TRUE
311.08.06.02,Transport pelayan,PENGELUARAN,TRUE
311.08.06.03,Anggur & Roti,PENGELUARAN,TRUE
311.08.06.04,Konsumsi pelayan,PENGELUARAN,TRUE
311.08.06.05,Pelayan Perjamuan Kudus Orang Sakit,PENGELUARAN,TRUE
311.08.07,7. Perjamuan Kudus,PENGELUARAN,FALSE
311.08.07.01,Anggur & Roti,PENGELUARAN,TRUE
311.08.07.02,Pelayan Perjamuan Kudus Orang Sakit,PENGELUARAN,TRUE
311.08.08,8. HUT RI,PENGELUARAN,FALSE
311.08.08.01,Transport pelayan,PENGELUARAN,TRUE
311.08.08.02,Konsumsi,PENGELUARAN,TRUE
30.00,PENGELUARAN KANTONG KHUSUS,PENGELUARAN,FALSE
33.00.01,Ibadah Bulan PELKES,PENGELUARAN,TRUE
33.00.02,Ibadah Hari Doa se-GPIB,PENGELUARAN,TRUE
33.00.03,Ibadah HUT Oikumene,PENGELUARAN,TRUE
33.00.04,Ibadah HUT Yapendik,PENGELUARAN,TRUE
33.00.05,Hari Doa se-Dunia Anak (HDSA),PENGELUARAN,TRUE
33.00.06,Lain-lain,PENGELUARAN,TRUE
366,PENGELUARAN UNTUK PIHAK LAIN,PENGELUARAN,FALSE
366.01,Bantuan / sumbangan pembangunan untuk jemaat GPIB atau yang lainnya,PENGELUARAN,TRUE
41,PROGRAM SINODAL,PENGELUARAN,FALSE
41.01,Persepuluhan ke Majelis Sinode,PENGELUARAN,TRUE
41.02,Kontribusi PST GPIB Tahunan,PENGELUARAN,TRUE
41.03,Kontribusi PSR GPIB Lima Tahunan,PENGELUARAN,TRUE
41.04,Evaluasi Vikaris,PENGELUARAN,TRUE
42,"MUPEL, PGI DLL",PENGELUARAN,FALSE
42.01,Iuran wajib,PENGELUARAN,TRUE
42.01,Sidang Tahunan,PENGELUARAN,TRUE
42.02,Iuran PGIW,PENGELUARAN,TRUE
42.03,AKBID / STIKES GPIB,PENGELUARAN,TRUE
42.04,Lain - lain,PENGELUARAN,TRUE
42.05,Sertijab & Ibadah Utus Sambut Pdt Marinus Rudolf Thomas Mainaky,PENGELUARAN,TRUE
50.00,TEOLOGI & PERSIDANGAN GEREJAWI,PENGELUARAN,FALSE
50.00.01,Ibadah Rabu Doa GPIB,PENGELUARAN,TRUE
50.00.02,Ibadah Kamis Putih,PENGELUARAN,TRUE
50.00.03,Ibadah Sabtu Teduh,PENGELUARAN,TRUE
50.00.04,Ibadah Kenaikan Tuhan Yesus Kristus,PENGELUARAN,TRUE
50.00.05,Ibadah Perayaan Natal Jemaat,PENGELUARAN,TRUE
50.00.06,Hari Kemerdekaan,PENGELUARAN,TRUE
50.00.07,Persekutuan doa karyawan,PENGELUARAN,TRUE
50.00.08,Musyawarah Tahunan Mupel Jkt Pusat Tahun 2026,PENGELUARAN,TRUE
50.00.09,Ibadah HUT GPIB Hosiana 49 thn (23 Juli 1978),PENGELUARAN,TRUE
50.00.10,Ibadah Paskah Jemaat,PENGELUARAN,TRUE
50.00.11,"IHMPA di bukan khusus HUT pelkat GP, PKB, PKP, PKLU GPIB",PENGELUARAN,TRUE
50.00.12,Ibadah Pendeta dan keluarga Pendeta,PENGELUARAN,TRUE
50.00.13,Ibadah Syukur Jemaat,PENGELUARAN,TRUE
50.00.14,Peneguhan Sidi Reguler,PENGELUARAN,TRUE
50.00.15,Peneguhan Sidi Dewasa,PENGELUARAN,TRUE
50.00.16,Penahbisan Pelayan Firman dan Sakramen GPIB,PENGELUARAN,TRUE
50.00.17,Pengadaan Buku Nyanyian Jemaat,PENGELUARAN,TRUE
50.00.18,Ibadah Pengutusan Pdt. Tertahbis,PENGELUARAN,TRUE
50.00.19,Ibadah peringatan hari ibu ke 98,PENGELUARAN,TRUE
50.00.20,Pianis non-Hosiana untuk back up pianis Hosiana,PENGELUARAN,TRUE
50.00.21,Latihan Pemandu Lagu Ibadah Minggu,PENGELUARAN,TRUE
50.00.22,Latihan Pemandu Lagu Ibadah Hari Raya,PENGELUARAN,TRUE
50.00.23,Service Rutin Alat Musik Piano,PENGELUARAN,TRUE
50.00.24,Pelatihan pianis,PENGELUARAN,TRUE
50.00.25,"Ibadah Hari Minggu Pelayanan Anak 
  ( IHMPA )",PENGELUARAN,TRUE
50.00.26,Perayaan Paskah Anak 2026,PENGELUARAN,TRUE
50.00.27,Ibadah HUT Pelkat PA GPIB ke 67 (6Sep1959) & PA GPIB Hosiana ke 48 (23Sep1978),PENGELUARAN,TRUE
50.00.28,Ibadah Kenaikan kelas ( PA - PT ),PENGELUARAN,TRUE
50.00.29,Ibadah Natal pelkat PA,PENGELUARAN,TRUE
50.00.30,Ibadah gabungan pelkat PA Mupel Jakarta Pusat,PENGELUARAN,TRUE
50.00.31,"Ibadah Kenaikan Kelas Adik Layan ( TK, AK, AT ) dan kenaikan kelas PA ke PT",PENGELUARAN,TRUE
50.00.32,SOBAT PA ( Story Of Bible Pelkat PA ),PENGELUARAN,TRUE
50.00.33,Ibadah padang Pelkat PT se-Mupel Jakarta Pusat,PENGELUARAN,TRUE
50.00.34,Ibadah HUT Pelkat PT GPIB yang ke 44 tahun ( 30 Januari 1983 ),PENGELUARAN,TRUE
50.00.35,Ibadah HUT Pelkat PT Hosiana yang ke 41 tahun ( 09 Oktober 1982 ),PENGELUARAN,TRUE
50.00.36,Majelis Bercerita di IHMPT,PENGELUARAN,TRUE
50.00.37,Ibadah Gabungan Pelkat GP se-Mupel GPIB Jakarta Pusat.,PENGELUARAN,TRUE
50.00.38,Ibadah Corak Muda (HUT GP Hosiana ke 46),PENGELUARAN,TRUE
50.00.39,Ibadah Corak Muda (HUT GP GPIB 76),PENGELUARAN,TRUE
50.00.40,Ibadah Gabungan Pelkat PKP,PENGELUARAN,TRUE
50.00.41,Ibadah HUT Pelkat PKP Hosiana ke 49 (10 Feb) dan HUT Pelkat PKP GPIB ke 62 (18 Feb),PENGELUARAN,TRUE
50.00.42,Latihan Padus PKP Mupel Jakpus,PENGELUARAN,TRUE
50.00.43,Ibadah syukur ACWC,PENGELUARAN,TRUE
50.00.44,Ibadah Rutin,PENGELUARAN,TRUE
50.00.45,Ibadah HUT Pelkat PKB GPIB ke 46 (11 Juli 1980),PENGELUARAN,TRUE
50.00.46,Ibadah HUT Pelkat PKB Hosiana ke 48 (23 Agustus 1978),PENGELUARAN,TRUE
50.00.47,Ibadah Gabungan Rutin Pelkat PKB Mupel Jakarta Pusat,PENGELUARAN,TRUE
50.00.48,Ibadah Gabungan Pelkat PKLU GPIB Mupel Jakarta Pusat,PENGELUARAN,TRUE
50.00.49,Ibadah HUT Pelkat PKLU ke 16,PENGELUARAN,TRUE
50.00.50,Ibadah HUT Pelkat PKLU Hosiana ke 31 (18 Des 1995),PENGELUARAN,TRUE
51.00,PELKES,PENGELUARAN,FALSE
51.00.01,Diakonia Natal,PENGELUARAN,TRUE
51.00.02,Diakonia bulanan,PENGELUARAN,TRUE
51.00.03,Diakonia Paskah,PENGELUARAN,TRUE
51.00.04,Diakonia Orang Sakit,PENGELUARAN,TRUE
51.00.05,BUT (Bantuan Uang Transport) kunjungan jemaat di RS.,PENGELUARAN,TRUE
51.00.06,diakonia kedukaan,PENGELUARAN,TRUE
51.00.07,Karangan Bunga Dukacita,PENGELUARAN,TRUE
51.00.08,Pengadaan kendaraan Pendeta di Pos Pelkes,PENGELUARAN,TRUE
52.00,GERMASA,PENGELUARAN,FALSE
52.00.01,Berbagi Kasih Natal,PENGELUARAN,TRUE
52.00.02,Pembagian Takjil,PENGELUARAN,TRUE
52.00.03,Iuran YAPENDIK GPIB,PENGELUARAN,TRUE
52.00.04,Kunjungan Lapas/Rutan,PENGELUARAN,TRUE
52.00.05,Spanduk Hari Raya Gerejawi dan Hari Raya Agama lain.,PENGELUARAN,TRUE
52.00.06,Karangan bunga Ucapan Selamat.,PENGELUARAN,TRUE
52.00.07,Kebersihan Lingkungan,PENGELUARAN,TRUE
53.00,PPSDI & PPK,PENGELUARAN,FALSE
53.00.01,Persiapan Presbiter,PENGELUARAN,TRUE
53.00.02,Penyediaan Alat Peraga,PENGELUARAN,TRUE
53.00.03,Persiapan Pelayan PA,PENGELUARAN,TRUE
53.00.04,Little Blessing Market,PENGELUARAN,TRUE
53.00.05,Persiapan Pelayan PT,PENGELUARAN,TRUE
53.00.06,Olahraga GP dan PT,PENGELUARAN,TRUE
53.00.07,E-Sports GP,PENGELUARAN,TRUE
53.00.08,Tukar Kado (Valentine Day),PENGELUARAN,TRUE
53.00.09,Retreat GP Mupel JakPus,PENGELUARAN,TRUE
53.00.10,Pertandingan Remi,PENGELUARAN,TRUE
53.00.11,Pembinaan Eco Enzim,PENGELUARAN,TRUE
53.00.12,Saya dan PKLU GPIB Membaca Alkitab Bersama,PENGELUARAN,TRUE
53.00.13,Katekisasi Reguler,PENGELUARAN,TRUE
53.00.14,Katekisasi Dewasa / perkawinan,PENGELUARAN,TRUE
53.00.15,Sosialisasi PKA dan Pemilihan KP3 (MJP),PENGELUARAN,TRUE
53.00.16,Retreat Katekisasi,PENGELUARAN,TRUE
54.00,INFORKOM & LITBANG,PENGELUARAN,FALSE
54.00.01,Persiapan Multimedia & Sound System,PENGELUARAN,TRUE
54.00.02,Social Media Content Creator,PENGELUARAN,TRUE
54.00.03,Langganan Zoom Meeting Pro,PENGELUARAN,TRUE
55.00,PENGEMBANGAN EKONOMI GEREJA,PENGELUARAN,FALSE
55.00.01,Christmas Carol,PENGELUARAN,TRUE
55.00.02,Penjualan barang bekas,PENGELUARAN,TRUE
55.00.03,Bazaar makanan,PENGELUARAN,TRUE
55.00.04,Merchandise,PENGELUARAN,TRUE
55.00.05,Sewa RSG dan Gereja,PENGELUARAN,TRUE
55.00.06,Melanjutkan data inventaris Gereja,PENGELUARAN,TRUE
55.00.07,Maintenance Gedung,PENGELUARAN,TRUE
55.00.08,Perawatan fasilitas,PENGELUARAN,TRUE
55.00.09,Perawatan kendaraan Gereja,PENGELUARAN,TRUE
55.00.10,Bioskop Hosiana,PENGELUARAN,TRUE
55.00.11,"Aksi ""telur Hosiana""",PENGELUARAN,TRUE
